pH,N,P,K,OC,Particles,Water_holding_content,Soil_type,crop_type
7.03,118.72,25,185.82,0.78,0.0016862,1.4,clay,carrot
2.57,131.09,24.62,181.71,0.9,0.0003809,1.31,clay,carrot
3.39,104.32,18.37,202.39,0.76,0.0002264,1.35,clay,carrot
2.73,111.21,21.09,202.71,0.68,0.001399,1.22,clay,carrot
1.52,90.9,23.76,195.39,0.74,0.0015865,1.21,clay,carrot
4.75,90.67,17.45,194.82,0.91,0.0008194,1.28,clay,carrot
4.77,103.31,18.89,208.65,0.93,0.0007711,1.33,clay,carrot
5.64,86.47,16.79,174.44,0.87,0.0011489,1.43,clay,carrot
0.94,93.5,21.88,187.76,0.8,0.0018053,1.38,clay,carrot
5.07,89.41,22.53,175.12,0.83,0.0005196,1.27,clay,carrot
0.2,119.19,22.88,178.66,0.67,0.0001149,1.36,clay,carrot
6.16,78.38,24.08,173.53,0.78,0.0005881,1.27,clay,carrot
2.08,125.05,18.1,174.92,0.76,0.0009367,1.45,clay,carrot
3.44,96.44,15.22,198.57,0.81,0.0018714,1.26,clay,carrot
6.49,132.9,24.38,206.09,0.91,0.001918,1.4,clay,carrot
0.74,93.71,15.82,205.29,0.71,0.0002986,1.38,clay,carrot
0.79,82.54,15.87,174.59,0.93,0.000657,1.34,clay,carrot
3.01,84.86,16.88,173.67,0.94,0.0002026,1.44,clay,carrot
0.11,84.61,17.8,195.86,0.77,0.0016989,1.32,clay,carrot
3.99,91.45,15.34,188.61,0.74,0.001943,1.24,clay,carrot
5.91,88.28,24.98,177.88,0.83,0.0017857,1.32,clay,carrot
4.89,114.99,15.2,174.47,0.84,0.0016188,1.36,clay,carrot
7.18,88.17,22.14,196.88,0.78,0.0017598,1.4,clay,carrot
6.23,119.88,24.08,181.81,0.93,0.0013386,1.36,clay,carrot
3.96,91.85,21.18,171.41,0.81,0.000137,1.38,clay,carrot
6.85,116.58,24.92,183.73,0.86,0.0002007,1.32,clay,carrot
3.71,90.03,16.59,198.27,0.94,0.0011551,1.24,clay,carrot
1.41,125.34,15.62,180.56,0.78,0.0007331,1.31,clay,carrot
5.19,103.11,23.71,177.11,0.85,4.53E-05,1.38,clay,carrot
3.12,131.26,19.65,191.94,0.66,0.0011969,1.41,clay,carrot
1.98,119.54,24.89,172.01,0.82,0.0001223,1.24,clay,carrot
5.5,127.05,21.95,189.12,0.76,0.0002816,1.5,clay,carrot
7.21,132.12,24,205.28,0.83,0.0010845,1.29,clay,carrot
2.03,92.68,16.6,182.79,0.94,0.0008869,1.49,clay,carrot
6.96,124.67,19.88,173.89,0.93,0.0012134,1.39,clay,carrot
3.92,84.04,23.34,183.79,0.9,0.0003489,1.32,clay,carrot
4.81,87.3,22.03,182.01,0.69,5.11E-05,1.28,clay,carrot
3.79,103.47,17.97,179.51,0.9,0.000319,1.22,clay,carrot
2.61,123.84,22.55,192.84,0.68,0.0002049,1.24,clay,carrot
5.21,130.38,23.71,181.54,0.66,0.0015901,1.22,clay,carrot
5.42,110.11,23.18,191.49,0.89,0.0006555,1.45,clay,carrot
4.02,124.65,16.5,177.8,0.9,0.0008098,1.23,clay,carrot
5.36,112.95,19.57,191.57,0.75,0.0005715,1.39,clay,carrot
5.08,105.12,22.54,202.26,0.92,0.0010736,1.48,clay,carrot
5.87,120.88,22.55,203.09,0.68,0.0010605,1.46,clay,carrot
1.93,110.43,16.95,194.76,0.69,0.0015703,1.2,clay,carrot
0.27,99.6,21.88,201.93,0.91,0.0006482,1.43,clay,carrot
1.76,112.56,20.74,171.5,0.68,0.0013347,1.38,clay,carrot
3.54,90.35,24.81,209.34,0.8,0.0004408,1.2,clay,carrot
2.37,121.07,24.33,177.2,0.87,4.66E-05,1.39,clay,carrot
3.11,83.84,19.15,178.73,0.9,0.0012112,1.46,clay,carrot
2.73,112.52,23.43,173.61,0.93,0.0012715,1.25,clay,carrot
1.68,113.64,19,176.75,0.82,0.0004001,1.29,clay,carrot
5.68,93.83,18.9,198.51,0.91,3.25E-05,1.25,clay,carrot
3.81,90.73,16.13,193.41,0.76,0.0017327,1.23,clay,carrot
1.72,114.92,22.23,174.42,0.69,0.0013077,1.37,clay,carrot
0.73,124.8,18.26,173.51,0.85,0.0017622,1.33,clay,carrot
0.09,98.11,20.07,177.07,0.86,0.0018862,1.46,clay,carrot
1.35,105.44,23.55,186.8,0.95,0.0011823,1.44,clay,carrot
7.13,98.22,22.68,183,0.91,0.000891,1.49,clay,carrot
4.34,105.64,23.55,177.5,0.77,0.0007625,1.48,clay,carrot
5.59,121.16,24.16,194.98,0.84,0.000357,1.27,clay,carrot
3.17,93.51,20.46,192.26,0.76,0.0007675,1.43,clay,carrot
0.45,79.74,20.64,177.33,0.93,0.001079,1.36,clay,carrot
1.47,94.57,22.46,183.86,0.66,0.0007825,1.26,clay,carrot
1.79,89.91,24.31,190.11,0.71,0.0004808,1.28,clay,carrot
1.13,94.24,15.69,195.56,0.95,0.0006442,1.49,clay,carrot
2.89,82.8,16.21,179.35,0.72,0.0016102,1.45,clay,carrot
6.24,102.18,21.44,194,0.94,0.0017219,1.35,clay,carrot
6.16,127.06,17.11,171.5,0.92,0.0010956,1.42,clay,carrot
4.46,85.82,17.26,175.03,0.91,0.0014334,1.25,clay,carrot
1.9,127.9,23.74,207.16,0.79,0.0004657,1.34,clay,carrot
7.23,127.74,21.59,196.56,0.87,0.0009489,1.22,clay,carrot
1.87,127.62,21.11,195.78,0.86,0.0007365,1.42,clay,carrot
3.95,99.85,16.37,177.1,0.79,0.0009751,1.5,clay,carrot
5.52,133.56,20.68,185.48,0.87,0.0002917,1.29,clay,carrot
6.08,121.25,18.45,197.46,0.77,0.0017498,1.38,clay,carrot
7.15,120.48,16.7,200.34,0.84,0.0016247,1.23,clay,carrot
4.63,77.29,20.64,197.31,0.82,0.0019957,1.46,clay,carrot
3.55,81.49,24.28,185.95,0.68,0.0015188,1.38,clay,carrot
5.48,100.94,20.14,200.39,0.72,0.0018958,1.45,clay,carrot
7.17,96.58,22.33,198.42,0.85,0.0003105,1.44,clay,carrot
7.39,115.19,24.64,177.84,0.74,0.001564,1.41,clay,carrot
3.38,119.69,24.75,177.33,0.87,0.0011648,1.28,clay,carrot
1.4,111.87,18.64,199.91,0.94,0.0008363,1.46,clay,carrot
2.68,88.86,24.6,198.95,0.72,0.0006133,1.21,clay,carrot
1.31,123.23,16.52,203.77,0.69,0.0001796,1.41,clay,carrot
6.08,87.74,22.19,179.51,0.92,0.0016038,1.34,clay,carrot
7.92,43.95,1.81,108.89,0.08,0.53,1.3,Sandy,coconut
7.85,45.45,3.16,101.9,0.08,1.34,1.32,Sandy,coconut
7.88,27.03,6.3,100.73,0.28,0.63,1.32,Sandy,coconut
7.82,26.57,4.83,102.7,0.11,1.26,1.3,Sandy,coconut
7.85,26.69,6.82,103.57,0.14,1.72,1.39,Sandy,coconut
7.83,42.56,2.72,100.53,0.09,0.6,1.26,Sandy,coconut
7.92,44.36,2.21,101.78,0.11,0.83,1.32,Sandy,coconut
7.84,26.18,4.12,102.44,0.26,0.69,1.32,Sandy,coconut
7.88,45.56,5.44,104.31,0.12,1.93,1.26,Sandy,coconut
7.82,39.76,5.67,109.77,0.03,1.67,1.35,Sandy,coconut
7.89,45.72,2.64,102.9,0.23,0.58,1.34,Sandy,coconut
7.97,46.33,4.34,106.28,0.24,0.59,1.33,Sandy,coconut
7.97,46.13,5.94,105.86,0.12,1.82,1.3,Sandy,coconut
7.96,47.93,6.55,105.08,0.26,0.13,1.34,Sandy,coconut
7.82,46.26,2.92,109.66,0.12,0.29,1.33,Sandy,coconut
7.82,29.46,2.09,102.75,0.09,0.67,1.34,Sandy,coconut
7.81,32.58,5.22,100.05,0.03,0.99,1.31,Sandy,coconut
7.98,48.81,2.2,106.64,0.1,1.91,1.3,Sandy,coconut
7.89,46.98,2.26,105.51,0.21,0.37,1.28,Sandy,coconut
7.85,32.24,5.55,104.21,0.01,1.8,1.32,Sandy,coconut
7.86,32.29,5.7,108.46,0.12,0.7,1.3,Sandy,coconut
7.9,49.72,2.83,104.97,0.18,1.62,1.29,Sandy,coconut
7.82,33.73,3.36,105.81,0.21,1.31,1.34,Sandy,coconut
7.87,36.4,6.32,107.81,0.05,1.23,1.36,Sandy,coconut
7.88,28.65,5.22,103.53,0.08,1.82,1.29,Sandy,coconut
7.91,43.39,5.49,100.52,0.29,0.37,1.29,Sandy,coconut
7.89,25.31,0.98,108.05,0.24,0.8,1.37,Sandy,coconut
7.85,34.18,4.48,106.31,0.08,1.37,1.26,Sandy,coconut
7.83,45.62,6.42,101.34,0.03,1.38,1.27,Sandy,coconut
7.92,34.86,1.72,100.49,0.1,0.79,1.33,Sandy,coconut
7.91,46.75,2.44,108.91,0.06,0.19,1.28,Sandy,coconut
7.9,48.75,6.28,100.11,0.06,0.4,1.38,Sandy,coconut
7.93,32.19,0.63,100.58,0.15,0.49,1.3,Sandy,coconut
7.88,34,3.61,102.91,0.06,0.44,1.37,Sandy,coconut
7.81,32.36,6.6,106.42,0.18,1.82,1.37,Sandy,coconut
7.93,29.55,5.36,103.24,0.04,0.99,1.31,Sandy,coconut
7.87,44.71,0.99,107.65,0.2,1.89,1.26,Sandy,coconut
7.9,47.53,4.32,106.07,0.07,0.12,1.36,Sandy,coconut
7.97,48.72,3.85,107.73,0.25,0.75,1.29,Sandy,coconut
7.89,36.16,5.03,102.68,0.15,0.17,1.29,Sandy,coconut
7.88,30.31,6.9,107.99,0.14,1.54,1.27,Sandy,coconut
7.97,39.85,3.18,103.84,0.26,0.74,1.4,Sandy,coconut
7.9,48.68,1.39,103.89,0.07,1.37,1.34,Sandy,coconut
7.94,48.27,4.82,102.63,0.24,1.27,1.39,Sandy,coconut
7.95,37.32,3.02,103.63,0.08,1.24,1.39,Sandy,coconut
7.86,43.99,4.34,107.17,0.14,0.1,1.29,Sandy,coconut
7.97,27.91,4.94,109.45,0.15,0.89,1.29,Sandy,coconut
7.99,40.06,6.6,102.15,0.06,1.36,1.36,Sandy,coconut
7.88,47.09,2.04,103.64,0.01,0.91,1.32,Sandy,coconut
7.97,44.13,4.84,101.87,0.23,0.32,1.36,Sandy,coconut
7.96,27.35,4.84,106.13,0.2,0.5,1.33,Sandy,coconut
7.87,48.52,3.38,105.94,0.29,1.94,1.27,Sandy,coconut
7.83,40.5,4.41,108.25,0.07,1.25,1.28,Sandy,coconut
7.86,37.76,5.03,103.97,0.16,0.18,1.26,Sandy,coconut
7.9,45.93,5.64,103.77,0.21,1.51,1.39,Sandy,coconut
7.84,41.98,3.33,106.95,0.25,1.81,1.29,Sandy,coconut
7.91,46.54,1.64,108.62,0.01,1.36,1.28,Sandy,coconut
7.93,30.93,2.35,105.95,0.23,0.84,1.28,Sandy,coconut
7.9,25.06,2.4,108.54,0.05,0.84,1.35,Sandy,coconut
7.91,38.13,6.75,100.79,0.15,0.75,1.29,Sandy,coconut
7.94,45.23,5.57,108.67,0.1,0.55,1.3,Sandy,coconut
7.85,45.38,5.04,100.06,0.06,1.76,1.39,Sandy,coconut
7.9,29.42,4.12,108.45,0.02,1.88,1.32,Sandy,coconut
7.87,37.03,5.37,103.23,0.12,0.1,1.3,Sandy,coconut
7.84,46.89,4.43,106.72,0.19,1.95,1.34,Sandy,coconut
7.86,35.48,2.02,106.48,0.3,1.47,1.27,Sandy,coconut
7.95,46.5,4.72,103.72,0.13,1.17,1.32,Sandy,coconut
7.96,27.47,6.42,105.57,0.14,0.49,1.37,Sandy,coconut
7.85,36.25,2.82,104.32,0.12,0.69,1.38,Sandy,coconut
7.82,48.2,2.97,107.18,0.27,0.21,1.4,Sandy,coconut
7.88,49.41,1.72,108.49,0.2,1.05,1.38,Sandy,coconut
7.91,46.29,5.07,100.96,0.12,1.14,1.36,Sandy,coconut
7.82,35.71,0.79,109.17,0.3,1.56,1.27,Sandy,coconut
7.87,41.66,4.47,102.82,0.11,1.11,1.31,Sandy,coconut
7.84,34.03,3.5,107.66,0.24,1.08,1.34,Sandy,coconut
7.97,44.6,5.5,107.62,0.14,0.25,1.26,Sandy,coconut
7.92,47.73,5.68,104.2,0.15,0.75,1.36,Sandy,coconut
7.81,30.58,1.05,103.32,0.26,0.97,1.27,Sandy,coconut
7.9,25.38,0.94,107.07,0.03,0.44,1.37,Sandy,coconut
7.97,37.86,5.63,101.86,0.02,0.38,1.35,Sandy,coconut
7.84,28.81,6.41,102.74,0.12,1.49,1.31,Sandy,coconut
7.92,34.56,1.01,109.25,0.21,0.61,1.36,Sandy,coconut
7.98,30.56,1.69,101.6,0.09,0.58,1.38,Sandy,coconut
7.87,40.06,1.27,109.82,0.15,0.35,1.28,Sandy,coconut
7.98,37.96,6.33,100.21,0.14,1.82,1.33,Sandy,coconut
7.88,42.72,1.22,108.66,0.09,0.85,1.27,Sandy,coconut
7.95,36.89,2.68,108.7,0.04,1.27,1.26,Sandy,coconut
7.98,36.41,5.29,100.59,0.05,0.65,1.31,Sandy,coconut
7.88,42.28,0.63,103.04,0.19,0.87,1.36,Sandy,coconut
7.84,45.79,3.34,100.75,0.03,0.54,1.39,Sandy,coconut
7.86,46.57,2.44,101.36,0.01,1.62,1.29,Sandy,coconut
7.91,35.01,6.23,101.27,0.22,0.69,1.25,Sandy,coconut
7.87,26.52,1.66,103.26,0.28,1.14,1.4,Sandy,coconut
7.86,27.93,3.27,107.47,0.11,0.99,1.3,Sandy,coconut
7.85,30.69,4.87,107.22,0.02,0.94,1.33,Sandy,coconut
7.99,44.54,4.33,104.13,0.1,1.53,1.39,Sandy,coconut
7.87,27.68,5.18,107.35,0.12,1.38,1.33,Sandy,coconut
7.84,46.97,5.36,100.8,0.1,1.91,1.33,Sandy,coconut
7.91,44.33,4.74,107.4,0.15,1.57,1.39,Sandy,coconut
8,37.43,1.04,109.05,0.29,1.83,1.32,Sandy,coconut
7.79,58.93,8.4,164.35,0.55,0.024787,2.19,loamy,cotton
7.78,58.93,13.27,163.99,0.62,0.0497157,2.37,loamy,cotton
7.78,67.15,4.32,137,0.48,0.0352913,2.23,loamy,cotton
7.66,61.27,6.72,151.6,0.57,0.0068007,2.22,loamy,cotton
7.6,60.12,4.11,126.01,0.62,0.0496686,2.02,loamy,cotton
7.67,66.54,9.27,165.89,0.34,0.0169639,2.43,loamy,cotton
7.63,62.18,6.57,128.82,0.37,0.0397295,2.17,loamy,cotton
7.53,69.65,9.27,115.77,0.61,0.0314015,2.14,loamy,cotton
7.58,68.83,6.33,157.12,0.37,0.0271685,2.43,loamy,cotton
7.78,68.95,7.03,167,0.46,0.0117928,2.03,loamy,cotton
7.74,71.92,9.58,153.71,0.31,0.0401373,2.43,loamy,cotton
7.74,67.36,11.69,128.47,0.45,0.0235165,2.33,loamy,cotton
7.56,55.56,1.52,151.81,0.47,0.0342088,2.01,loamy,cotton
7.73,71.14,2.35,131.29,0.35,0.0032546,2.41,loamy,cotton
7.53,51.46,2.22,121.39,0.53,0.0211815,2.27,loamy,cotton
7.53,65.51,9.86,147.7,0.34,0.0493063,2.45,loamy,cotton
7.68,54,8.64,159.38,0.46,0.0454811,2.44,loamy,cotton
7.58,64.64,8.64,149.94,0.53,0.0203694,2.39,loamy,cotton
7.66,57.42,5.64,115.54,0.38,0.017834,2.48,loamy,cotton
7.55,69.67,8.39,133.53,0.62,0.0287874,2.17,loamy,cotton
7.65,73.75,5.52,156.46,0.37,0.0165802,2.05,loamy,cotton
7.68,65.9,2,154.76,0.45,0.004274,2.09,loamy,cotton
7.65,63.82,2.26,153.1,0.57,0.0328325,2.03,loamy,cotton
7.61,58.08,4.65,155.02,0.47,0.0451137,2.16,loamy,cotton
7.7,60.29,10.29,126.92,0.42,0.0144236,2.08,loamy,cotton
7.79,62.31,5.13,156.67,0.54,0.0107499,2.46,loamy,cotton
7.66,72.76,4.83,135.32,0.58,0.0376137,2.36,loamy,cotton
7.69,61.3,9.2,141.35,0.6,0.0114569,2.35,loamy,cotton
7.72,58.44,10.48,144.46,0.34,0.0268582,2.1,loamy,cotton
7.68,73.47,10.51,145.83,0.48,0.0320835,2.37,loamy,cotton
7.61,54.47,1.93,112.75,0.62,0.024193,2.45,loamy,cotton
7.73,68.84,1.82,164.52,0.35,0.0498709,2.24,loamy,cotton
7.59,52.14,12.3,165.37,0.63,0.0091093,2.33,loamy,cotton
7.71,72.8,2.24,112.03,0.47,0.0152246,2.19,loamy,cotton
7.71,72.85,4.1,121.29,0.61,0.0477079,2.33,loamy,cotton
7.73,68.48,2.96,121.4,0.59,0.02793,2.14,loamy,cotton
7.64,60.18,13.63,164.02,0.63,0.0097237,2.06,loamy,cotton
7.58,52.17,7.71,164.66,0.49,0.0445464,2.19,loamy,cotton
7.74,62.74,7.66,121.31,0.65,0.0055656,2.39,loamy,cotton
7.67,53.27,5.99,130.29,0.47,0.0359481,2.35,loamy,cotton
7.61,68.59,9.86,133.15,0.41,0.0036745,2.41,loamy,cotton
7.64,68.79,9.35,112.72,0.56,0.009381,2.48,loamy,cotton
7.78,68.2,8.59,118.17,0.62,0.0208077,2.26,loamy,cotton
7.58,69.35,4.37,165.22,0.4,0.0229147,2.22,loamy,cotton
7.79,68.2,8.76,132.31,0.58,0.0221772,2.46,loamy,cotton
7.61,57.43,5.75,132.87,0.5,0.0191234,2.1,loamy,cotton
7.61,57.47,3.69,167.36,0.58,0.0120609,2.23,loamy,cotton
7.55,55.53,5.53,157.23,0.48,0.0381632,2.34,loamy,cotton
7.51,51.04,11.05,159.57,0.59,0.0182308,2.47,loamy,cotton
7.69,58.47,5.31,167.53,0.31,0.0288737,2.06,loamy,cotton
7.66,58.17,5.82,137.7,0.43,0.011639,2.04,loamy,cotton
7.63,57.15,13.76,123.35,0.52,0.0236094,2.35,loamy,cotton
7.66,55.43,5.19,147.49,0.43,0.0038463,2.44,loamy,cotton
7.62,71,2.93,110.91,0.59,0.0326082,2.48,loamy,cotton
7.54,63.38,14.16,166.06,0.54,0.0403205,2.22,loamy,cotton
7.74,51.41,9.76,165.24,0.4,0.0428501,2.26,loamy,cotton
7.56,58.84,10.76,127.76,0.37,0.0327719,2.34,loamy,cotton
7.66,58.94,4.49,157.97,0.58,0.0406644,2.33,loamy,cotton
7.78,65.57,5.48,124.05,0.49,0.0413341,2.24,loamy,cotton
7.53,62.26,12.73,161.09,0.56,0.0262676,2.22,loamy,cotton
7.52,71.84,2.69,135.94,0.61,0.0111998,2.1,loamy,cotton
7.59,68.48,10.08,113.36,0.35,0.0377416,2.49,loamy,cotton
7.73,60.4,13.88,158.5,0.46,0.0190194,2.16,loamy,cotton
7.79,56.04,14.32,161.92,0.62,0.0303012,2.35,loamy,cotton
7.7,70.6,1.59,123.68,0.37,0.0071253,2.32,loamy,cotton
7.8,67.66,4.98,140.11,0.41,0.004376,2.3,loamy,cotton
7.53,69.16,4.46,122.24,0.49,0.0201739,2.43,loamy,cotton
7.75,68.24,9.29,132.19,0.47,0.0074091,2.18,loamy,cotton
7.75,62.68,7.48,119.56,0.34,0.0314159,2.12,loamy,cotton
7.6,68.08,14.72,145.19,0.52,0.0161819,2.2,loamy,cotton
7.56,71.66,2.44,167.72,0.38,0.0305761,2.47,loamy,groundnut
7.54,54.85,5.77,148.85,0.59,0.0161467,2.06,loamy,groundnut
7.76,71.27,12.64,130.54,0.46,0.0064075,2.27,loamy,groundnut
7.52,69.35,8.89,165.71,0.4,0.0189388,2.11,loamy,groundnut
7.72,58.61,13.29,148.14,0.48,0.0232639,2.04,loamy,groundnut
7.73,70.9,9.19,144.69,0.44,0.0492283,2.22,loamy,groundnut
7.7,69.81,14.18,150.76,0.42,0.0313568,2.4,loamy,groundnut
7.51,51.08,7.68,164.99,0.54,0.0270582,2.41,loamy,groundnut
7.7,63.45,8.71,122.83,0.38,0.0484025,2.21,loamy,groundnut
7.58,52.33,5.63,151.36,0.32,0.024869,2.29,loamy,groundnut
7.66,56.04,4.04,165.28,0.62,0.0419448,2.25,loamy,groundnut
7.52,51.26,13.57,145.99,0.44,0.0093508,2.4,loamy,groundnut
7.56,65.74,11.48,143.72,0.39,0.0320361,2.18,loamy,groundnut
7.6,65.71,2.6,154.52,0.56,0.0395313,2.42,loamy,groundnut
7.55,65.02,5.23,148.96,0.47,0.0162223,2.47,loamy,groundnut
7.55,55.92,12.09,148.18,0.62,0.0251979,2.11,loamy,groundnut
7.56,69.98,2.25,154.27,0.51,0.0244681,2.44,loamy,groundnut
7.61,52.23,7.81,111.71,0.57,0.0265164,2.26,loamy,groundnut
7.69,51.66,13.99,162.7,0.42,0.0169149,2.17,loamy,groundnut
7.7,69.34,2.35,110.28,0.47,0.0271748,2.08,loamy,groundnut
7.6,65.6,10.72,127.5,0.57,0.0388867,2.21,loamy,groundnut
7.73,74.58,11.15,147.19,0.32,0.0300107,2.08,loamy,groundnut
7.62,52.63,12.71,133.38,0.34,0.0282746,2.14,loamy,groundnut
7.65,70.67,8.78,163.8,0.55,0.0138296,2.47,loamy,groundnut
7.72,69.49,4.59,157.11,0.46,0.0338272,2.09,loamy,groundnut
7.65,69.69,7.56,165.02,0.49,0.0261298,2.12,loamy,groundnut
7.56,57.79,7,159.88,0.42,0.0479887,2.32,loamy,groundnut
7.65,64.55,14.33,133.24,0.39,0.0243967,2.07,loamy,groundnut
7.76,73.08,1.4,143.39,0.61,0.0039705,2.45,loamy,groundnut
7.77,68.56,7.89,168.26,0.5,0.0252009,2.21,loamy,groundnut
7.75,66.3,2.25,132.95,0.43,0.0189329,2.41,loamy,groundnut
7.58,73.51,3.92,115.12,0.64,0.045927,2.32,loamy,groundnut
7.56,74.53,13.99,153.86,0.56,0.0494171,2.19,loamy,groundnut
7.57,63.51,2.46,123.92,0.35,0.0362293,2.38,loamy,groundnut
7.54,58.15,3.38,133.96,0.63,0.0267711,2.02,loamy,groundnut
7.54,61.1,0.77,169.57,0.64,0.0471796,2.3,loamy,groundnut
7.69,67.1,3.23,148.04,0.33,0.0433164,2.44,loamy,groundnut
7.53,74.66,1.51,148.83,0.65,0.0067242,2.32,loamy,groundnut
7.78,56.84,13.73,162.89,0.43,0.0268926,2.42,loamy,groundnut
7.73,68.19,8.19,141.13,0.52,0.0161158,2.12,loamy,groundnut
7.57,60.84,8.41,115.57,0.39,0.0269231,2.14,loamy,groundnut
7.56,73.35,13.88,142.61,0.33,0.0344803,2.12,loamy,groundnut
7.71,55.17,12.53,118.84,0.55,0.0188674,2.49,loamy,groundnut
7.68,69.64,5.69,111.66,0.35,0.0308116,2.44,loamy,groundnut
7.68,71.32,11.2,152.29,0.55,0.0466798,2.01,loamy,groundnut
7.52,57.79,10.13,147.76,0.57,0.0477648,2.06,loamy,groundnut
7.74,74.33,11.14,126.06,0.63,0.0331586,2.15,loamy,groundnut
7.73,57.34,2.83,148.75,0.57,0.0161025,2.33,loamy,groundnut
7.79,63.39,6.82,147.22,0.62,0.0415632,2.25,loamy,groundnut
7.56,67.11,6.7,137.07,0.57,0.0195189,2.43,loamy,groundnut
7.58,72.84,3.24,160.26,0.47,0.0461504,2.39,loamy,groundnut
7.51,59.85,8.18,148.61,0.6,0.0175505,2.06,loamy,groundnut
7.69,66.42,13.16,110.22,0.43,0.0065925,2.28,loamy,groundnut
7.73,74.27,4.27,143.4,0.58,0.0213048,2.21,loamy,groundnut
7.77,74.74,2.45,138.52,0.4,0.0383611,2.37,loamy,groundnut
7.52,63.52,5.2,138.04,0.62,0.0192459,2.14,loamy,groundnut
7.63,71.1,1.25,111.02,0.39,0.0354609,2.07,loamy,groundnut
7.73,61.96,12.58,136.52,0.36,0.038725,2.29,loamy,groundnut
7.56,62.95,14.3,146.33,0.36,0.0316162,2.5,loamy,groundnut
7.61,64.95,11.82,140.17,0.6,0.0331295,2.17,loamy,groundnut
7.52,59.67,5.78,124.14,0.51,0.0238186,2.02,loamy,groundnut
7.6,74.93,13.5,120.62,0.59,0.0307132,2.41,loamy,groundnut
7.77,57.71,0.74,121.66,0.48,0.0202388,2.22,loamy,groundnut
7.78,71.7,8.24,117.25,0.65,0.0258015,2.15,loamy,groundnut
7.7,53.94,2.82,140.94,0.35,0.0349917,2.03,loamy,groundnut
7.67,51.07,11.53,134.52,0.64,0.0132597,2.38,loamy,groundnut
7.79,62.56,11.78,161.53,0.61,0.0368335,2.15,loamy,groundnut
7.65,60.38,11.83,111.24,0.4,0.0393239,2.31,loamy,groundnut
7.69,56.89,10.09,166.18,0.54,0.0051698,2.1,loamy,groundnut
7.68,52.41,5.08,162.35,0.42,0.0134447,2.31,loamy,groundnut
7.69,61.45,7.31,120.82,0.47,0.0298841,2.21,loamy,groundnut
7.71,61.12,9.57,118.3,0.36,0.0436047,2.13,loamy,groundnut
7.54,57.8,4.18,112.01,0.35,0.0186189,2.29,loamy,groundnut
7.78,69.04,13.69,164.12,0.34,0.0121521,2.1,loamy,groundnut
7.78,73.56,7.38,144.81,0.41,0.0073496,2.21,loamy,groundnut
7.54,61.96,1.17,132.47,0.64,0.0473867,2.27,loamy,groundnut
7.72,72.19,5.13,149.22,0.6,0.0147259,2.01,loamy,groundnut
7.67,65.29,13.48,121.91,0.62,0.0391724,2.36,loamy,groundnut
7.68,60.67,7.94,164.81,0.48,0.0350161,2.1,loamy,groundnut
7.75,57.86,8.62,115.34,0.59,0.0347182,2.14,loamy,groundnut
7.55,68.81,6.41,150.78,0.56,0.0488047,2.28,loamy,groundnut
7.66,66.93,7.45,139.28,0.63,0.0118753,2.47,loamy,groundnut
7.6,58.07,8.82,160.2,0.65,0.0327717,2,loamy,groundnut
7.77,70.04,6.1,113.27,0.62,0.0054645,2.36,loamy,groundnut
7.72,61.83,8.07,145.49,0.46,0.0157793,2.46,loamy,groundnut
7.69,62.51,13.36,163.9,0.53,0.009087,2.25,loamy,groundnut
7.76,71.87,5.25,140.66,0.6,0.0175929,2.02,loamy,groundnut
7.72,66.31,5.44,112.12,0.64,0.0373141,2.33,loamy,groundnut
7.67,53.06,10.96,128.05,0.64,0.0459641,2.33,loamy,groundnut
7.68,51.64,3.75,163.12,0.65,0.0335255,2.21,loamy,groundnut
7.74,53.1,7.92,128.47,0.57,0.0446281,2.28,loamy,groundnut
7.75,57.73,12.81,156.06,0.37,0.0289497,2.3,loamy,groundnut
7.51,60.89,0.92,111.67,0.51,0.0051748,2.29,loamy,groundnut
7.63,70.26,14.6,156.41,0.36,0.0100911,2.37,loamy,groundnut
7.7,55.72,4.79,124.97,0.6,0.0115621,2.03,loamy,groundnut
7.65,52.26,11.62,151.92,0.51,0.0288861,2.34,loamy,groundnut
7.57,60.99,6.71,147.94,0.5,0.0283375,2.34,loamy,groundnut
7.73,62.79,4.36,121.4,0.58,0.0357952,2.1,loamy,groundnut
7.68,57.66,13.08,134.79,0.51,0.033375,2.34,loamy,groundnut
7.55,61.32,13.52,141.16,0.37,0.0421335,2.42,loamy,groundnut
7.77,64.17,8.66,149.51,0.61,0.0478855,2.41,loamy,groundnut
7.75,65.33,10.09,131.41,0.42,0.0229379,2.12,loamy,groundnut
7.77,57.5,11.97,113.13,0.37,0.02385,2.44,loamy,groundnut
7.79,54.26,12.5,145.04,0.42,0.0461749,2.05,loamy,groundnut
7.66,65.13,7.53,149.36,0.58,0.0207307,2.2,loamy,groundnut
7.72,56.86,1.77,126.65,0.51,0.0065183,2.15,loamy,groundnut
7.51,69.3,4.53,129.57,0.39,0.021845,2.29,loamy,groundnut
7.59,58.15,1.63,145.39,0.42,0.0185621,2.2,loamy,groundnut
7.75,73.33,11.38,127.94,0.52,0.0331698,2.15,loamy,groundnut
7.64,69.69,4.05,123.07,0.44,0.0129813,2.06,loamy,groundnut
7.75,58.62,6.12,122.36,0.51,0.0310114,2.39,loamy,groundnut
7.73,61.63,12.25,156.42,0.44,0.0321598,2.04,loamy,groundnut
7.53,60.09,4.79,151.51,0.6,0.028037,2.15,loamy,groundnut
7.6,73.8,13.79,150.28,0.45,0.0463423,2.38,loamy,groundnut
7.61,54.16,3.25,123.81,0.47,0.0075227,2.29,loamy,groundnut
7.62,64.42,1.61,144.02,0.55,0.0280317,2.28,loamy,groundnut
7.69,54.53,11.83,156.98,0.51,0.0202865,2.4,loamy,groundnut
7.72,55.01,14.8,136.06,0.62,0.0265894,2.09,loamy,groundnut
7.66,53.56,10.08,145.03,0.54,0.0117675,2.31,loamy,groundnut
7.74,70.14,12.99,156.72,0.6,0.0261586,2.41,loamy,groundnut
7.58,69.68,11.9,145.54,0.47,0.0039266,2.45,loamy,groundnut
7.53,68.72,6.19,117.52,0.65,0.0478688,2.46,loamy,groundnut
7.58,58.31,11.57,162.75,0.53,0.0235388,2.29,loamy,groundnut
7.79,64.02,12.12,126.52,0.65,0.0400063,2.26,loamy,groundnut
7.52,59.78,8.35,126.13,0.61,0.0286326,2.23,loamy,groundnut
7.71,52.37,9.87,168.95,0.36,0.0290276,2.09,loamy,groundnut
7.72,69.68,9.6,114.49,0.53,0.0274695,2.44,loamy,groundnut
7.61,60.53,4.17,134.35,0.33,0.039039,2.31,loamy,groundnut
7.8,63.78,13.86,126.8,0.52,0.0199046,2.41,loamy,groundnut
7.71,59.83,4.38,118.21,0.63,0.0445104,2.36,loamy,groundnut
7.53,66.21,12.5,132.37,0.39,0.0221658,2.34,loamy,groundnut
7.59,67.32,4.18,122.73,0.59,0.0055028,2.1,loamy,groundnut
7.67,66.39,13.43,116.26,0.49,0.0445203,2.34,loamy,groundnut
7.77,72.47,6.29,152.22,0.32,0.0315088,2.09,loamy,groundnut
7.63,67.82,9.77,143.63,0.59,0.0036849,2.23,loamy,groundnut
7.72,70.85,3.87,157.3,0.64,0.0038848,2.06,loamy,groundnut
7.59,52.52,8.62,167.84,0.5,0.0385792,2.05,loamy,groundnut
7.52,52.08,2.74,151.14,0.64,0.0104185,2.23,loamy,groundnut
7.61,51.93,12.7,110.01,0.53,0.013965,2.03,loamy,groundnut
7.71,62.81,1.17,156.37,0.49,0.0297032,2.35,loamy,groundnut
7.72,74.94,11.1,162.35,0.47,0.0239904,2.42,loamy,groundnut
7.55,68.15,12.08,169.83,0.32,0.0334056,2.04,loamy,groundnut
7.94,49.48,5.39,109.27,0.16,0.56,1.26,Sandy,melon
7.95,27.42,0.73,109.81,0.08,1.86,1.37,Sandy,melon
7.85,25.21,2.01,109.98,0.19,0.76,1.37,Sandy,melon
7.87,45.2,5.57,103.61,0.12,0.2,1.35,Sandy,melon
7.98,42.85,1,102.44,0.18,0.35,1.27,Sandy,melon
7.92,38,3.58,107.03,0.04,0.2,1.38,Sandy,melon
7.86,25.24,2.82,103.74,0.03,1.45,1.37,Sandy,melon
7.95,47.88,5.47,106.34,0.18,0.49,1.39,Sandy,melon
7.92,46.37,5.33,103.85,0.11,0.07,1.37,Sandy,melon
7.96,34.9,6.92,108.17,0.11,0.72,1.26,Sandy,melon
7.93,42.5,3.16,101.95,0.04,0.23,1.38,Sandy,melon
7.97,35.22,3.58,109.7,0.16,0.7,1.28,Sandy,melon
7.9,28.55,4.76,100.04,0.06,0.71,1.35,Sandy,melon
7.83,37.43,5.14,107.87,0.15,1.04,1.3,Sandy,melon
7.95,30.87,2.47,109.62,0.06,1.42,1.37,Sandy,melon
7.86,29.77,1.47,103.55,0.16,0.72,1.4,Sandy,melon
7.88,25.89,4.3,106.57,0.13,0.51,1.31,Sandy,melon
8,40.47,5.33,101.81,0.22,0.36,1.28,Sandy,melon
7.89,25.88,1.87,103.59,0.16,1.75,1.29,Sandy,melon
7.94,31.96,4.35,109.72,0.29,1.56,1.34,Sandy,melon
7.98,37.84,6.21,105.03,0.27,1.48,1.35,Sandy,melon
7.91,31.9,3.41,105.81,0.05,0.64,1.39,Sandy,melon
7.91,31.73,0.71,109.82,0.16,0.89,1.27,Sandy,melon
7.85,48.98,3,104.76,0.16,1.46,1.29,Sandy,melon
7.84,35.63,2.59,107.21,0.17,1.1,1.25,Sandy,melon
7.98,40.84,5.44,105.65,0.2,1.45,1.32,Sandy,melon
7.93,46.25,0.77,106.96,0.27,0.66,1.28,Sandy,melon
7.86,41.05,6.88,108.74,0.18,0.99,1.35,Sandy,melon
7.89,46,0.61,100.88,0.1,1.16,1.4,Sandy,melon
7.94,30.29,3.13,109.6,0.26,0.84,1.3,Sandy,melon
7.99,45.8,4.6,107.16,0.26,0.55,1.28,Sandy,melon
7.92,30.98,4.36,104.56,0.29,1.21,1.37,Sandy,melon
7.9,39.63,2.11,104.64,0.18,0.1,1.29,Sandy,melon
7.84,33.95,3.69,107.37,0.16,0.52,1.33,Sandy,melon
7.82,49.58,3.17,109.7,0.18,1.19,1.38,Sandy,melon
8,47.79,5.51,101.89,0.2,1.56,1.33,Sandy,melon
7.89,28.7,1.61,104.44,0.04,1.48,1.29,Sandy,melon
7.96,35.3,4.47,109.16,0.05,1.72,1.26,Sandy,melon
7.88,46.27,2.85,106.56,0.22,0.34,1.39,Sandy,melon
7.81,30.27,3.63,102.39,0.17,1.41,1.35,Sandy,melon
7.86,47.66,1.61,109.3,0.22,0.97,1.38,Sandy,melon
7.98,33.42,4.4,106.75,0.25,1.9,1.29,Sandy,melon
7.88,48.57,0.83,106.57,0.2,1.52,1.36,Sandy,melon
7.98,41.81,1.97,109.56,0.04,1.28,1.3,Sandy,melon
7.91,46.29,2.14,103.67,0.06,0.23,1.27,Sandy,melon
7.97,28.68,6.93,104.11,0.11,0.96,1.32,Sandy,melon
7.94,40.86,6.07,102.26,0.2,1.07,1.25,Sandy,melon
7.96,40.98,5.26,107.65,0.04,0.63,1.28,Sandy,melon
7.92,46.52,1.9,107.38,0.14,0.67,1.33,Sandy,melon
7.87,32.01,0.76,100.78,0.28,1.3,1.27,Sandy,melon
7.83,39.61,1.76,104.02,0.15,1.72,1.38,Sandy,melon
7.9,47.1,1.94,102.42,0.2,1.78,1.39,Sandy,melon
7.86,38.09,5.74,102.23,0.11,1.18,1.35,Sandy,melon
7.93,32.36,0.99,104.67,0.1,0.68,1.3,Sandy,melon
7.93,27.22,5.41,102.77,0.26,1.09,1.29,Sandy,melon
7.92,43.37,4.33,106.99,0.09,1.09,1.32,Sandy,melon
7.85,44.41,3.35,101.47,0.23,1.8,1.27,Sandy,melon
7.96,46.34,1.76,107.75,0.18,1.37,1.34,Sandy,melon
7.87,43.31,2.51,102.12,0.12,1.09,1.37,Sandy,melon
7.83,40.48,4.48,100.63,0.12,1.93,1.28,Sandy,melon
7.99,38.35,5.62,103.63,0.04,0.99,1.37,Sandy,melon
7.87,38.83,4.46,106.39,0.19,0.53,1.38,Sandy,melon
7.93,26.95,3.76,106.78,0.08,1.51,1.36,Sandy,melon
7.82,45.4,5.89,103.99,0.04,0.27,1.33,Sandy,melon
7.88,39.87,1.72,102.17,0.05,1.79,1.32,Sandy,melon
7.97,29.93,4.77,105.46,0.18,0.61,1.31,Sandy,melon
7.89,43.18,5.38,104.05,0.22,0.1,1.25,Sandy,melon
7.87,25.88,3.07,102.48,0.03,1.34,1.3,Sandy,melon
7.96,32.2,1.87,105.18,0.12,1.69,1.3,Sandy,melon
7.82,26.65,6.65,103.49,0.22,1.8,1.37,Sandy,melon
7.89,35.56,2.65,105.08,0.15,0.23,1.38,Sandy,melon
7.83,39.38,3.06,104.21,0.29,1.28,1.28,Sandy,melon
7.84,43.94,2.77,101.62,0.02,1.63,1.28,Sandy,melon
7.82,34.57,4.69,109.92,0.22,0.07,1.27,Sandy,melon
7.87,39.02,5.93,105.66,0.14,0.11,1.36,Sandy,melon
7.95,29.68,4.37,101.01,0.04,1.63,1.35,Sandy,melon
7.89,45.59,2.38,102.64,0.28,0.08,1.33,Sandy,melon
7.83,25.6,5.63,100.22,0.26,1.24,1.29,Sandy,melon
7.92,48.39,6.96,101.46,0.3,1.61,1.39,Sandy,melon
7.92,49.22,3.32,103.22,0.19,1.1,1.27,Sandy,melon
7.87,38.68,3.4,102.34,0.3,1.48,1.36,Sandy,melon
7.83,29.81,5.29,100.04,0.26,0.61,1.28,Sandy,melon
7.83,33.02,4.68,105.39,0.06,1.08,1.35,Sandy,melon
7.88,33.26,3.77,108.53,0.17,0.83,1.3,Sandy,melon
7.9,35.62,1.09,108.31,0.05,1.73,1.32,Sandy,melon
7.82,32.27,6.81,109.37,0.01,0.58,1.37,Sandy,melon
7.94,49.9,3.26,101.77,0.07,0.14,1.28,Sandy,melon
7.99,35.89,4.25,105.13,0.07,0.21,1.33,Sandy,melon
7.89,46.66,1.51,105.04,0.14,0.2,1.36,Sandy,melon
7.92,46.68,1.05,105.16,0.12,1.04,1.35,Sandy,melon
7.97,26.64,3.22,109.09,0.29,0.07,1.27,Sandy,melon
7.82,29.26,3.75,102.28,0.08,1.14,1.34,Sandy,melon
7.91,49.56,2.7,108.96,0.17,1.43,1.39,Sandy,melon
8,26.48,2.87,107.14,0.04,1.32,1.3,Sandy,melon
7.98,43.84,4.87,100.6,0.25,0.82,1.32,Sandy,melon
7.82,35.89,0.95,100.66,0.05,0.8,1.39,Sandy,melon
7.99,34.94,2.95,105.45,0.22,1.94,1.4,Sandy,melon
8,34.45,5.38,106.81,0.29,1.6,1.26,Sandy,melon
7.94,36.75,5.99,104.86,0.29,1.89,1.26,Sandy,melon
7.94,32.45,1.58,105.89,0.06,1.49,1.37,Sandy,melon
7.96,38.93,4.84,100.28,0.28,0.71,1.35,Sandy,melon
7.97,47.01,3.72,105.68,0.22,0.92,1.26,Sandy,melon
7.94,47.94,6.89,105.92,0.14,1.43,1.26,Sandy,melon
7.83,34.95,5.77,105.73,0.2,0.75,1.28,Sandy,melon
7.98,46.03,6.3,103.38,0.17,0.58,1.4,Sandy,melon
7.84,49.27,3.14,102.25,0.04,0.2,1.28,Sandy,melon
7.93,30.11,2.42,108.11,0.3,0.88,1.35,Sandy,melon
7.91,31.59,3.25,101.93,0.28,1.26,1.29,Sandy,melon
7.99,36.74,6.43,101.03,0.3,1.18,1.35,Sandy,melon
7.82,29.98,4.73,108.13,0.18,0.21,1.25,Sandy,melon
7.87,44.97,3.86,104.21,0.03,0.54,1.33,Sandy,melon
7.94,38.89,2.15,101.91,0.1,1.24,1.33,Sandy,melon
7.85,33.4,3.41,100.83,0.08,1.6,1.25,Sandy,melon
7.99,29.39,6.64,108.83,0.13,1.16,1.26,Sandy,melon
7.91,34.28,4.39,100.94,0.25,0.11,1.28,Sandy,melon
7.83,34.71,2.7,101.6,0.21,1.23,1.31,Sandy,melon
7.88,35.65,2.91,108.45,0.27,0.62,1.34,Sandy,melon
7.89,30.17,3.62,108.5,0.2,0.98,1.32,Sandy,melon
7.98,40.69,4.88,100.22,0.19,0.35,1.33,Sandy,melon
7.94,42.98,5.17,100.5,0.14,1.85,1.25,Sandy,melon
7.95,46.59,6.88,106.97,0.08,0.58,1.35,Sandy,melon
7.82,30.84,2.86,102.75,0.14,1.17,1.3,Sandy,melon
7.9,27.95,6.44,100.91,0.23,0.55,1.29,Sandy,melon
7.99,26.95,4.55,105.67,0.16,1.23,1.26,Sandy,melon
7.98,34.49,6.18,105.83,0.26,1.84,1.3,Sandy,melon
7.87,49.03,5.86,108.19,0.12,1.69,1.34,Sandy,melon
7.86,39.18,3.3,107.63,0.02,0.69,1.34,Sandy,melon
7.82,34.97,3.77,100.38,0.13,1.44,1.32,Sandy,melon
7.91,29.47,5.15,106.29,0.19,0.37,1.38,Sandy,melon
7.83,38.66,4.97,109.67,0.19,1.34,1.29,Sandy,melon
7.82,25.48,6.9,108.57,0.26,0.88,1.36,Sandy,melon
7.92,40.32,2.99,100.65,0.17,0.52,1.37,Sandy,melon
7.87,42.98,6.77,109.22,0.22,0.77,1.3,Sandy,melon
7.97,43.45,0.99,107.16,0.22,0.38,1.29,Sandy,melon
7.82,40.31,0.64,100.41,0.11,0.97,1.31,Sandy,melon
7.89,31.63,0.83,101.83,0.29,0.41,1.31,Sandy,melon
7.89,29.74,3.04,107.39,0.23,0.07,1.3,Sandy,melon
7.87,34.63,2.72,106.56,0.1,0.19,1.27,Sandy,melon
7.9,43.64,1.94,103.6,0.11,0.65,1.35,Sandy,melon
7.87,44.59,6.14,104.65,0.28,1.99,1.27,Sandy,melon
7.92,35.54,3.58,101.23,0.13,0.75,1.31,Sandy,melon
7.83,45.56,5.73,106.34,0.09,1.22,1.28,Sandy,melon
7.81,38.44,3.58,105.34,0.27,1.88,1.29,Sandy,melon
7.92,38.81,2.03,107.15,0.03,1.69,1.27,Sandy,melon
7.83,31.67,3.67,104.21,0.07,1.66,1.33,Sandy,melon
7.84,31.51,6.92,105.75,0.16,1.49,1.28,Sandy,melon
7.84,40.97,6.79,100.71,0.07,1.8,1.34,Sandy,melon
7.92,44.84,5.7,100.27,0.23,0.34,1.39,Sandy,melon
7.87,26.82,5.48,103.17,0.18,1.91,1.29,Sandy,melon
7.86,30.56,2.05,108.22,0.16,0.46,1.32,Sandy,melon
7.96,36.27,5.89,107.63,0.28,0.9,1.3,Sandy,melon
7.88,48.41,4.17,101.48,0.11,0.25,1.36,Sandy,melon
7.99,45.79,2.36,107.27,0.13,0.19,1.34,Sandy,melon
7.88,38.3,4,106.61,0.25,0.72,1.3,Sandy,melon
7.93,48.81,1.03,100.21,0.03,0.56,1.32,Sandy,melon
7.83,36.91,2.54,106.54,0.28,0.67,1.35,Sandy,melon
7.93,41.61,6.49,102.01,0.29,1.71,1.37,Sandy,melon
7.88,31.51,3.48,100.98,0.14,0.45,1.29,Sandy,melon
7.83,28.23,1.04,106.78,0.05,0.12,1.34,Sandy,melon
8,32.17,3.77,108.28,0.12,1.04,1.39,Sandy,melon
7.87,49.26,5.07,102.29,0.12,0.4,1.33,Sandy,melon
7.66,51.94,12.51,165.98,0.38,0.0319954,2.03,loamy,millet
7.52,73.74,4.29,118.85,0.41,0.0114316,2.33,loamy,millet
7.56,74.1,4.88,161.03,0.54,0.0046374,2.31,loamy,millet
7.61,70.77,12.83,115.21,0.39,0.047175,2.01,loamy,millet
7.67,70.74,11.14,138.76,0.55,0.008261,2.4,loamy,millet
7.72,52.42,10.2,161.97,0.6,0.0043551,2.2,loamy,millet
7.58,68.67,1.96,152.18,0.32,0.0231079,2.1,loamy,millet
7.77,52.37,1.12,143.05,0.34,0.0173753,2,loamy,millet
7.78,74.2,8.41,123.49,0.32,0.0379663,2.22,loamy,millet
7.69,59.04,12.51,124.07,0.54,0.0376626,2.39,loamy,millet
7.78,66.31,0.8,115.06,0.41,0.0454867,2.36,loamy,millet
7.59,56.61,8.34,163.08,0.63,0.0483005,2.42,loamy,millet
7.65,70.38,8.02,144.76,0.55,0.0273435,2.07,loamy,millet
7.6,62.42,14.13,153.03,0.45,0.0437756,2.15,loamy,millet
7.72,63.29,2.93,129.09,0.49,0.0472402,2.15,loamy,millet
7.58,61.61,1.75,155.65,0.55,0.0131541,2.37,loamy,millet
7.54,61.96,12.49,158.85,0.46,0.0098126,2.46,loamy,millet
7.72,61.3,0.83,118.48,0.34,0.032478,2.44,loamy,millet
7.78,57.4,5.47,110.07,0.44,0.0102806,2.21,loamy,millet
7.57,71.98,9.96,117.42,0.57,0.0185509,2.27,loamy,millet
7.55,63.93,5.96,134.34,0.44,0.0089456,2.25,loamy,millet
7.74,62.96,11.11,138.73,0.54,0.0396038,2.48,loamy,millet
7.54,72.93,5.14,124.03,0.44,0.0403882,2.32,loamy,millet
7.72,58.06,11.42,122.72,0.56,0.0351972,2.32,loamy,millet
7.63,58.93,2.7,142.3,0.64,0.0327707,2.14,loamy,millet
7.63,67.18,4.91,141.2,0.49,0.0061467,2.35,loamy,millet
7.52,67.99,5.06,142.98,0.51,0.0046007,2.16,loamy,millet
7.62,54.11,3.77,125.43,0.62,0.0312717,2.09,loamy,millet
7.74,63.76,10.41,129.15,0.47,0.020321,2.45,loamy,millet
7.53,53.12,1.5,154.4,0.36,0.0395007,2.08,loamy,millet
7.51,66.69,7.8,111.64,0.61,0.0174066,2.27,loamy,millet
7.7,53.01,12.61,119.49,0.51,0.0155193,2.15,loamy,millet
7.71,51.54,7.96,144.33,0.62,0.0414626,2.41,loamy,millet
7.73,70.03,0.87,155.95,0.59,0.008804,2.01,loamy,millet
7.71,74.01,1.71,151.96,0.4,0.0066166,2.16,loamy,millet
7.67,71.14,5.86,162.4,0.49,0.0250304,2.31,loamy,millet
7.78,58.48,7.49,156.24,0.41,0.0203825,2.09,loamy,millet
1.79,95.3,21.57,198.47,0.68,3.04E-05,1.28,clay,potatoes
2.93,122.72,15.57,176.71,0.68,0.0008734,1.3,clay,potatoes
0.35,109.41,22.53,187.72,0.9,0.0019185,1.45,clay,potatoes
4.45,131.64,20.58,174.1,0.92,0.0014279,1.29,clay,potatoes
2.19,78.73,18.63,199.91,0.9,5.83E-05,1.48,clay,potatoes
4.81,90.65,21.5,190.71,0.92,0.0014337,1.22,clay,potatoes
7.42,101.08,18.61,175.64,0.67,0.0016252,1.49,clay,potatoes
1.59,84.1,19.15,173.12,0.73,0.0009671,1.32,clay,potatoes
4.97,77.02,21.01,197.91,0.8,0.0009426,1.35,clay,potatoes
5.39,92.91,23.71,178.75,0.93,0.0017267,1.4,clay,potatoes
2.58,87.87,19.5,207.26,0.77,0.0004336,1.24,clay,potatoes
1.69,133.51,22.36,208.7,0.75,0.0015112,1.25,clay,potatoes
1.33,105.87,23.79,187.86,0.83,0.0007737,1.39,clay,potatoes
0.08,112.46,20.49,207.48,0.71,0.0009578,1.47,clay,potatoes
5.08,94.8,21.02,208.17,0.87,0.0004431,1.35,clay,potatoes
0.99,91.81,19.2,209.2,0.82,0.0002257,1.49,clay,potatoes
2.39,116.18,23.91,180.99,0.91,0.0017334,1.42,clay,potatoes
0.48,84.67,18.48,203.76,0.72,0.0017979,1.48,clay,potatoes
0.49,93.36,20.06,179.93,0.87,0.0001137,1.49,clay,potatoes
4.96,130.25,18.08,208.05,0.73,0.0018576,1.2,clay,potatoes
5.53,93.31,22.36,197.03,0.75,0.0001583,1.21,clay,potatoes
6.68,127.96,18.99,172.29,0.85,0.0013054,1.38,clay,potatoes
0.72,110.06,15.37,174.49,0.82,0.0012127,1.21,clay,potatoes
4.1,93.59,23.31,190.79,0.8,0.0009726,1.28,clay,potatoes
5.89,121.66,21.04,187.96,0.7,0.0016883,1.41,clay,potatoes
1.49,81.71,20.57,207.34,0.86,0.0006534,1.31,clay,potatoes
0.48,117.05,20.11,179.2,0.87,0.0010278,1.31,clay,potatoes
1.25,126.97,24.77,181.62,0.72,0.001485,1.42,clay,potatoes
6.54,94.04,22.39,182.27,0.92,0.0005205,1.4,clay,potatoes
7.09,129.87,22.97,196.74,0.81,0.0004503,1.47,clay,potatoes
4.7,130.82,21.31,198.32,0.79,0.0017612,1.35,clay,potatoes
1.9,113.47,22.92,197.35,0.9,0.0016955,1.35,clay,potatoes
1.18,99.76,17.25,205.7,0.9,0.0019328,1.29,clay,potatoes
3.81,131.15,16.2,201.93,0.84,0.0006289,1.3,clay,potatoes
0.32,107.37,23.45,177.93,0.7,0.0010315,1.35,clay,potatoes
1.2,84.71,18.23,182.22,0.84,0.0009003,1.23,clay,potatoes
6.6,86.24,16.33,200.23,0.89,0.0003931,1.47,clay,potatoes
0.06,76.01,17.55,192.75,0.81,0.0001014,1.43,clay,potatoes
3.27,128.32,23.11,187.9,0.75,0.0019437,1.3,clay,potatoes
5.71,119.21,15.84,191.74,0.8,0.001952,1.38,clay,potatoes
0.93,88.9,18.33,179.06,0.83,0.0010215,1.35,clay,potatoes
1.6,127,23.62,190.43,0.85,2.53E-05,1.27,clay,potatoes
1.14,96.6,17.05,187.33,0.92,0.0012286,1.41,clay,potatoes
1.21,80.77,23.41,174.88,0.8,0.0017146,1.26,clay,potatoes
1.63,123.36,21.93,202.85,0.85,0.0011996,1.22,clay,potatoes
6.95,88.62,23.24,200.37,0.73,0.0012165,1.27,clay,potatoes
4.11,92.3,16.1,201.8,0.74,0.0006586,1.48,clay,potatoes
6.81,128.22,17.82,176.43,0.9,0.000102,1.37,clay,potatoes
3.62,107.14,20.32,204.88,0.82,0.0012613,1.43,clay,potatoes
5.21,84.08,24.35,208.43,0.81,0.0011448,1.46,clay,potatoes
5.76,113.45,24.32,176.61,0.91,0.0018946,1.49,clay,potatoes
3.74,84.33,21.41,180.73,0.85,0.0003459,1.35,clay,potatoes
6.31,90.33,20.09,190.81,0.9,0.0005848,1.34,clay,potatoes
6.21,129.15,22.01,196.17,0.73,0.0010974,1.38,clay,potatoes
3.81,84.81,22.73,190.8,0.94,0.0001669,1.31,clay,potatoes
2.75,100.69,23.77,189.59,0.71,0.0007687,1.43,clay,potatoes
2.95,106.79,16.78,209.17,0.69,0.0003388,1.2,clay,potatoes
4.44,97.97,17.87,204.21,0.72,0.0006742,1.32,clay,potatoes
1.8,79.9,24.7,184,0.74,0.001905,1.39,clay,potatoes
5.83,133.91,19.4,175.11,0.95,0.0008172,1.38,clay,potatoes
5.42,92.31,23.44,202.01,0.69,1.71E-05,1.48,clay,potatoes
4.82,85.95,18.77,187.22,0.76,0.0013722,1.37,clay,potatoes
3.1,115.67,19.15,178.4,0.77,0.0014115,1.32,clay,potatoes
4.43,112.2,19.53,184.39,0.83,0.0019308,1.49,clay,potatoes
2.14,78.59,22.53,174.98,0.93,0.0006842,1.32,clay,potatoes
2.42,87.4,24.32,172.01,0.68,0.0006091,1.44,clay,potatoes
2.58,81.53,19.63,208.73,0.91,0.0006648,1.41,clay,potatoes
7.23,87.71,21.4,200.95,0.74,0.0006538,1.38,clay,potatoes
1.46,76.15,20.65,188.76,0.72,0.0010836,1.42,clay,potatoes
4.23,86.56,21.49,192.28,0.89,0.0017744,1.43,clay,potatoes
1.58,86.12,15.97,174.15,0.66,0.0001303,1.42,clay,potatoes
0.13,134.05,22,187.09,0.95,0.000935,1.23,clay,potatoes
7.49,94.71,23.31,198.94,0.78,0.0002225,1.45,clay,potatoes
4.55,90.32,19.69,172.37,0.77,0.0015682,1.27,clay,potatoes
0.03,92.75,21.47,191.02,0.75,0.0003766,1.3,clay,potatoes
4.75,123.65,15.96,199.9,0.85,0.0001594,1.45,clay,potatoes
6.58,118.33,21.19,193.51,0.77,0.0004656,1.35,clay,potatoes
7.22,107.12,17.92,176.74,0.83,0.0013389,1.27,clay,potatoes
1.19,86.78,22.78,178.58,0.91,0.0002373,1.47,clay,potatoes
2.34,88.53,16.87,198.23,0.71,0.0011445,1.33,clay,potatoes
0.23,98.25,17.52,204.67,0.86,0.0007396,1.49,clay,potatoes
3.41,112,18.31,199.18,0.74,0.00062,1.41,clay,potatoes
7.17,81.18,15.67,174.57,0.88,0.0016094,1.29,clay,rice
1.92,105.65,21.11,182.22,0.79,0.0017084,1.43,clay,rice
3.4,91.5,17.99,205.61,0.93,0.0007462,1.35,clay,rice
2.18,84.36,21.44,185.44,0.77,0.0017884,1.33,clay,rice
6.05,90.15,20.56,173,0.73,0.0009004,1.44,clay,rice
4.55,121.75,16.68,180.68,0.78,0.0001935,1.35,clay,rice
5.75,111.76,24.18,207.94,0.7,0.0009315,1.35,clay,rice
3.03,96.75,17.29,187.79,0.72,0.0015925,1.42,clay,rice
6.98,88.83,15.96,172.15,0.7,0.0015882,1.4,clay,rice
3.65,78.81,20.25,201.26,0.92,9.85E-05,1.49,clay,rice
4.31,124.59,21.06,185.48,0.71,0.0004621,1.46,clay,rice
7.45,96.86,23.21,174.59,0.82,0.0005938,1.48,clay,rice
3.24,113.07,20.16,203.07,0.92,0.0018433,1.39,clay,rice
4.46,76.74,15.87,183.98,0.89,0.0006357,1.25,clay,rice
5.33,101.04,18.79,176.16,0.87,0.0019862,1.28,clay,rice
7.45,115.42,24.55,203.28,0.69,0.0007719,1.28,clay,rice
3.3,121.13,20.3,180.38,0.68,0.0012284,1.21,clay,rice
5.05,85.27,21.69,199.2,0.9,0.0015468,1.46,clay,rice
4.06,121.46,18.2,186.45,0.89,2.29E-05,1.39,clay,rice
6.29,118.27,20.75,200.67,0.71,0.0005444,1.47,clay,rice
1.07,84.26,17.98,179.74,0.9,0.0016751,1.28,clay,rice
6.79,77.75,15.46,207.65,0.91,0.0002987,1.48,clay,rice
4.04,89.38,18.31,205.81,0.86,0.0015041,1.2,clay,rice
2.11,94.37,20.13,208.02,0.83,6.37E-05,1.4,clay,rice
4.97,102.11,22.05,208.67,0.91,0.0011316,1.32,clay,rice
1.98,101.4,22.28,175.73,0.84,0.0005837,1.45,clay,rice
5.08,91.93,23.71,171.85,0.92,0.0013693,1.3,clay,rice
0.57,110.4,15.14,201.53,0.71,0.000458,1.45,clay,rice
6.68,111.35,16.54,196.4,0.73,0.0009066,1.43,clay,rice
3.29,101.24,23.33,193.51,0.7,0.0016233,1.37,clay,rice
6.95,118.75,17.8,175.74,0.81,0.0007611,1.23,clay,rice
7.12,91.7,24.39,207.81,0.91,0.0001439,1.34,clay,rice
3.28,95.57,16.27,183.85,0.85,0.0002076,1.2,clay,rice
6.8,82.29,15.16,194.67,0.94,0.0008524,1.5,clay,rice
3.84,126.13,24.51,191.01,0.79,0.0018401,1.35,clay,rice
1,134,23,207.63,0.73,0.0011358,1.24,clay,rice
7.34,117.73,16.38,198.79,0.66,0.0011114,1.34,clay,rice
4.5,133.45,17.39,195.91,0.78,0.0002752,1.32,clay,rice
2.34,109.14,17.88,188.21,0.9,0.0018512,1.26,clay,rice
4.48,82.55,19.21,194.07,0.73,0.0002024,1.48,clay,rice
5.94,90.54,20.72,181,0.9,0.0003116,1.41,clay,rice
4.76,83.6,21.67,199.2,0.78,0.0005834,1.48,clay,rice
4.52,101.56,15.71,199.19,0.74,0.0011138,1.31,clay,rice
1.23,122.01,20.22,181.69,0.79,0.0011407,1.44,clay,rice
1.37,79.52,21,204.59,0.77,0.0005657,1.3,clay,rice
0.65,80.22,16.71,193.14,0.79,2.14E-05,1.42,clay,rice
7.48,95.74,23.97,178.75,0.77,0.0019462,1.26,clay,rice
3.02,128.79,24.95,206.02,0.7,0.0016391,1.25,clay,rice
4.76,116.77,21.98,173.87,0.84,0.0012581,1.2,clay,rice
4.89,121.59,16.45,207.79,0.93,0.0019786,1.39,clay,rice
4.39,107.11,23.01,188.95,0.77,0.0016618,1.29,clay,rice
0.98,117.15,17,188.89,0.7,9.72E-05,1.26,clay,rice
6.71,80.55,18.44,188.03,0.78,0.001568,1.42,clay,rice
4.35,82.43,16.01,200.09,0.79,0.0018316,1.49,clay,rice
3.77,100.72,23.28,196.1,0.92,0.0004772,1.33,clay,rice
1.76,134.63,21.08,174.43,0.75,0.0006259,1.29,clay,rice
6.92,107.94,21.55,202.9,0.84,0.0015482,1.29,clay,rice
0.91,132.44,22.64,175.37,0.86,0.000623,1.27,clay,rice
1.72,106.43,17.45,202.96,0.73,0.0005006,1.49,clay,rice
1.21,100.02,23.28,204.37,0.92,0.0015652,1.37,clay,rice
2.67,80.32,22.87,182.06,0.76,0.0008299,1.35,clay,rice
3.78,130.97,17.33,205.61,0.95,4.80E-05,1.49,clay,rice
3.49,92.98,24.57,203.82,0.87,0.0002558,1.31,clay,rice
6.06,98.54,23.27,183.54,0.77,0.0019915,1.25,clay,rice
4.84,82.43,18.5,189.07,0.93,0.0016494,1.5,clay,rice
1.97,116.33,24.59,188,0.72,0.0006059,1.36,clay,rice
5.17,111.71,21.76,208.21,0.82,0.0008818,1.23,clay,rice
3.23,119.17,15.75,172.7,0.87,0.0018289,1.27,clay,rice
5.17,97.37,23.44,175.78,0.73,7.28E-05,1.45,clay,rice
6.9,90.61,24.19,184.97,0.69,0.0017171,1.45,clay,rice
3.98,103.06,19.28,182.37,0.84,0.0011603,1.36,clay,rice
1.46,130.77,24.6,171.82,0.72,0.0013808,1.22,clay,rice
4.92,123.59,21,209.81,0.74,0.0010944,1.35,clay,rice
5.59,91.38,19.1,206.25,0.89,0.0016939,1.33,clay,rice
1.26,133.72,23.56,206.4,0.83,0.0017084,1.35,clay,rice
0.86,127.22,17.6,178.74,0.82,0.0012098,1.34,clay,rice
4.1,134.86,21.54,186.66,0.73,0.0014765,1.24,clay,rice
6.38,92.58,24.02,171.18,0.94,0.0007873,1.44,clay,rice
5.24,127.28,19.13,185.34,0.66,0.0015124,1.45,clay,rice
3.51,79.66,23.05,190.56,0.81,0.0011587,1.25,clay,rice
3.27,110.56,18.87,184.36,0.93,0.0006456,1.2,clay,rice
0.53,94.33,16.33,182.47,0.67,0.0017959,1.42,clay,rice
4.39,87.91,21.99,192.71,0.76,0.0014285,1.46,clay,rice
3.92,80.7,18.44,189.34,0.8,8.49E-05,1.43,clay,rice
0.68,89.38,24.55,190.96,0.72,0.0016165,1.25,clay,rice
7.42,132.66,24.22,186.31,0.87,0.0004886,1.27,clay,rice
2.05,120.2,23.85,193.93,0.84,0.0007335,1.47,clay,rice
5.52,106.58,22.18,187.76,0.78,0.0016258,1.49,clay,rice
2.31,128.34,24.3,207.11,0.88,0.0007399,1.33,clay,rice
3.9,96.27,20.13,196.78,0.73,0.000307,1.46,clay,rice
6.94,134.49,22.9,205.3,0.8,0.0019132,1.35,clay,rice
4.29,121.03,23.5,175.35,0.91,0.0018198,1.4,clay,rice
6.54,92.1,24.1,201.19,0.83,0.0004952,1.34,clay,rice
5.95,82.73,22.73,185.55,0.84,0.0008729,1.46,clay,rice
2.61,97.98,18.4,175.93,0.75,0.0004208,1.48,clay,rice
0.91,119.7,16.66,207.93,0.77,0.0003556,1.22,clay,rice
3.49,132.34,24.74,173.03,0.85,0.0010606,1.22,clay,rice
6.29,83.73,21.48,200.6,0.79,0.0011987,1.35,clay,rice
1.9,114.36,18.86,182.59,0.86,0.0015367,1.45,clay,rice
3.12,103.55,19.63,200.59,0.76,0.0009836,1.33,clay,rice
1.91,133.41,23.84,173.29,0.72,0.0005799,1.42,clay,rice
5.24,78.47,23.85,188.05,0.77,0.0012109,1.48,clay,rice
5.5,76.88,17.55,186.23,0.86,0.0010518,1.37,clay,rice
4.49,121.43,18.36,171.11,0.74,0.0015657,1.39,clay,rice
4.99,119.79,15.77,203.87,0.89,0.000462,1.39,clay,rice
5,101.62,18,182.76,0.78,0.0003844,1.26,clay,rice
7.04,100.48,19.85,199.27,0.9,0.0003897,1.5,clay,rice
7.29,133.15,19.19,185.87,0.69,0.0011753,1.29,clay,rice
4.74,98.27,16.01,185.03,0.85,0.0005368,1.27,clay,rice
5.18,120.73,17.42,181.72,0.84,0.0014228,1.27,clay,rice
2.94,80.57,17.72,208.13,0.93,0.0003933,1.29,clay,rice
6.8,85.68,22.16,202.78,0.82,0.0010001,1.35,clay,rice
4.25,89.68,21.06,207.87,0.66,0.0008589,1.34,clay,rice
6.56,109,20.02,205.36,0.73,0.0007126,1.44,clay,rice
2.93,121.93,19.74,190.84,0.86,4.25E-05,1.22,clay,rice
6.98,114.9,23.03,185.67,0.69,0.0007956,1.36,clay,rice
1.59,121.6,16.96,183.08,0.78,0.0010666,1.36,clay,rice
1.14,111.87,22.01,205.85,0.83,0.0015146,1.42,clay,rice
0.91,112.84,15.23,174.58,0.83,0.0003174,1.3,clay,rice
0.85,79.79,24.46,204.58,0.86,0.0018381,1.44,clay,rice
6.56,124.45,24.59,186.24,0.9,0.0008578,1.26,clay,rice
3.7,79.83,18.34,193.51,0.67,0.0006149,1.38,clay,rice
3.14,85.84,17.2,187.53,0.71,0.0012263,1.37,clay,rice
6.37,92.97,21.4,200,0.72,0.0006405,1.48,clay,rice
5.71,88.6,21.51,206.48,0.79,0.0005499,1.43,clay,rice
4.04,131.92,22.67,193.51,0.92,0.0001637,1.29,clay,rice
3.1,109.82,19.07,179.27,0.69,0.0001271,1.35,clay,rice
2.43,115.49,17.36,205.45,0.89,0.0011143,1.36,clay,rice
5.74,119.79,17.98,190.86,0.92,0.0018943,1.5,clay,rice
2.51,125.72,21.7,189.5,0.95,0.0016088,1.45,clay,rice
7.46,108.98,22.02,183.13,0.77,0.0013628,1.2,clay,rice
3.06,113.3,20.38,198.49,0.74,0.0007037,1.22,clay,rice
4.92,113.03,16.27,204.11,0.93,0.0003111,1.32,clay,rice
0.07,78.44,19.2,183.06,0.82,0.0008014,1.44,clay,rice
1.38,131.98,22.21,199.79,0.74,0.0003602,1.39,clay,rice
5.86,122.18,22.33,205.89,0.85,0.0011896,1.43,clay,rice
7.36,115.46,21.16,193.27,0.85,0.0013471,1.47,clay,rice
0.57,122.54,20.37,193.17,0.71,9.89E-05,1.49,clay,rice
3.5,95.05,21.33,193.33,0.84,0.0015573,1.48,clay,rice
2.76,78.61,21.56,195.01,0.76,0.0004241,1.38,clay,rice
5.84,108.98,24.5,207.29,0.84,0.0006762,1.44,clay,rice
4.2,86.97,19.95,205.3,0.86,0.001925,1.26,clay,rice
3.81,93.71,23.63,193.34,0.92,4.16E-05,1.46,clay,rice
5.29,111.44,17.27,197.65,0.66,0.0007243,1.31,clay,rice
5.64,82.68,20,184.74,0.92,0.0011268,1.33,clay,rice
1.48,129.6,23.21,182.57,0.83,0.0008527,1.27,clay,rice
5.65,133.31,23.98,181.2,0.72,0.000339,1.36,clay,rice
4.68,132.4,17.65,172.7,0.91,0.0007788,1.23,clay,rice
7.02,88.66,22.19,181.59,0.79,0.0003247,1.3,clay,rice
3.18,111.03,16.59,194.32,0.79,0.0016074,1.23,clay,rice
3.96,105.57,23.98,204.39,0.79,0.0015539,1.31,clay,rice
7.67,57.72,4.02,139.63,0.55,0.008365,2.26,loamy,vegetable
7.55,60.98,14.95,118.18,0.58,0.0154846,2.08,loamy,vegetable
7.52,74.99,12.82,152.51,0.54,0.0220374,2.18,loamy,vegetable
7.72,69.07,5.98,154.69,0.43,0.0419152,2.18,loamy,vegetable
7.74,60.36,5.06,164.81,0.49,0.030622,2.3,loamy,vegetable
7.71,69.9,11.5,124.21,0.49,0.008324,2.01,loamy,vegetable
7.63,52.05,14.01,129.3,0.37,0.0294622,2.23,loamy,vegetable
7.73,66.52,9.54,152.88,0.35,0.0053339,2.1,loamy,vegetable
7.51,56.38,9.59,126.79,0.43,0.0277088,2.31,loamy,vegetable
7.64,54.16,1.87,158.86,0.35,0.0053368,2.33,loamy,vegetable
7.57,60.85,10.08,159.58,0.49,0.0313923,2.39,loamy,vegetable
7.64,74.92,11.19,143.35,0.37,0.027734,2.49,loamy,vegetable
7.66,70.22,10.58,127.39,0.48,0.0240165,2.32,loamy,vegetable
7.61,60.15,12.49,133,0.38,0.0493097,2.21,loamy,vegetable
7.54,60.65,2.45,124.59,0.53,0.0088876,2.4,loamy,vegetable
7.65,55.54,5.59,148.33,0.55,0.0426069,2.2,loamy,vegetable
7.66,68.26,5.14,136.63,0.46,0.0160758,2.42,loamy,vegetable
7.77,56.93,12.67,162.78,0.43,0.0081787,2.29,loamy,vegetable
7.75,55.52,11.44,157.41,0.35,0.0447913,2.39,loamy,vegetable
7.79,73.28,14.34,151.59,0.5,0.0412832,2.23,loamy,vegetable
7.75,73.72,1.16,121.21,0.46,0.0478707,2.04,loamy,vegetable
7.58,59.04,9.51,124.38,0.42,0.0382512,2.21,loamy,vegetable
7.8,53.71,11.92,126.34,0.33,0.044546,2.41,loamy,vegetable
7.57,56.03,11.59,121.32,0.64,0.0396447,2.2,loamy,vegetable
7.76,65.51,1.28,144.33,0.47,0.0206541,2.13,loamy,vegetable
7.56,70.81,13.95,162.04,0.32,0.0432528,2.1,loamy,vegetable
7.55,53.05,4.82,122.62,0.36,0.0237609,2.37,loamy,vegetable
7.75,72.63,0.8,169.21,0.52,0.0142335,2.18,loamy,vegetable
7.73,63.66,8.87,116.16,0.62,0.0276719,2,loamy,vegetable
7.8,66.42,7.77,113.14,0.61,0.0109381,2.33,loamy,vegetable
7.69,66.35,1.84,159.86,0.61,0.0265966,2.22,loamy,vegetable
7.77,73.16,12.61,169.06,0.49,0.0400423,2.25,loamy,vegetable
7.51,57.48,7.89,153.32,0.34,0.009542,2.35,loamy,vegetable
7.66,69.5,2.1,111.87,0.56,0.0363707,2.41,loamy,vegetable
7.72,52.69,5.25,117.65,0.49,0.0312244,2.06,loamy,vegetable
7.77,71.83,10.11,160.64,0.62,0.0391814,2.21,loamy,vegetable
7.57,72.52,4.1,115.81,0.51,0.0260725,2.24,loamy,vegetable
7.75,69.33,4.83,148.87,0.33,0.0140298,2.36,loamy,vegetable
7.61,62.6,12.47,133.13,0.33,0.0114477,2.21,loamy,vegetable
7.73,57.02,6.63,166.67,0.44,0.0065521,2.15,loamy,vegetable
7.64,58.25,2.41,123.17,0.61,0.0215575,2.43,loamy,vegetable
7.57,67.48,3.85,128.16,0.55,0.0051623,2.29,loamy,vegetable
7.63,55.82,12.47,114.62,0.32,0.0154374,2.08,loamy,vegetable
7.76,69.1,11.34,112.14,0.37,0.0200599,2.31,loamy,vegetable
7.58,54.59,4.65,142.71,0.63,0.0455408,2.06,loamy,vegetable
7.6,72.02,13.05,126.35,0.33,0.0406995,2.36,loamy,vegetable
7.54,55.39,7.91,120.19,0.43,0.0495018,2.39,loamy,vegetable
7.63,52.93,7.79,145.52,0.39,0.0447598,2.21,loamy,vegetable
7.69,66.84,8.3,134.94,0.4,0.0458425,2.07,loamy,vegetable
7.65,65.99,1.12,168.67,0.38,0.0392339,2.13,loamy,vegetable
7.79,51.76,6.88,143.42,0.36,0.032882,2.46,loamy,vegetable
7.58,54.74,10.32,127.55,0.48,0.0128877,2.24,loamy,vegetable
7.68,61.58,14.59,113.73,0.5,0.0405857,2.05,loamy,vegetable
7.73,70.65,10.15,122.49,0.6,0.0342229,2.16,loamy,vegetable
7.72,57.14,13.14,159.64,0.34,0.0152876,2.01,loamy,vegetable
7.56,73.18,13.49,151.58,0.42,0.0232121,2.28,loamy,vegetable
7.56,65.12,1.48,123.76,0.32,0.0438945,2.07,loamy,vegetable
7.56,68.34,14.54,151.78,0.53,0.0344011,2.32,loamy,vegetable
7.66,64.78,10.03,119.77,0.4,0.0061009,2.42,loamy,vegetable
7.77,72.51,9.24,160.9,0.56,0.022161,2.24,loamy,vegetable
7.77,71.37,11.77,157.24,0.34,0.003102,2.14,loamy,vegetable
7.61,65.49,14.25,120.86,0.62,0.0417445,2.26,loamy,vegetable
7.58,60.31,5.11,138.48,0.38,0.0033256,2.12,loamy,vegetable
7.62,66.44,11.61,168.15,0.32,0.0359413,2.23,loamy,vegetable
7.7,65.74,6.31,148.56,0.5,0.0286782,2.15,loamy,vegetable
7.65,55.64,14.59,139.69,0.32,0.0458943,2.41,loamy,vegetable
7.69,59.42,3.26,134.47,0.5,0.032806,2.27,loamy,vegetable
7.68,52.28,14.86,138.23,0.42,0.0116662,2.17,loamy,vegetable
7.57,67.85,14.57,110.99,0.57,0.0074307,2.07,loamy,vegetable
7.57,74.31,10.2,114.8,0.35,0.0346485,2.13,loamy,vegetable
7.65,72.74,7.46,147.2,0.55,0.0466553,2.4,loamy,vegetable
7.68,51.79,7.19,129.89,0.36,0.0312755,2.4,loamy,vegetable
7.62,54.06,2.69,167.46,0.44,0.0422884,2.11,loamy,vegetable
7.57,57,13.9,113.36,0.48,0.048532,2.12,loamy,wheat
7.55,53.07,9.46,119.65,0.56,0.0475246,2.42,loamy,wheat
7.68,60.77,14.66,115.04,0.4,0.0438881,2.25,loamy,wheat
7.73,64.22,0.96,129.95,0.53,0.0160864,2.16,loamy,wheat
7.55,52.98,8.19,131.45,0.43,0.036163,2.29,loamy,wheat
7.61,55.06,11.74,134.29,0.53,0.0317248,2.33,loamy,wheat
7.57,52.62,6.06,126.95,0.58,0.0279394,2.12,loamy,wheat
7.52,58.1,10.74,117.02,0.36,0.0141883,2.4,loamy,wheat
7.72,53.8,3.36,134.15,0.59,0.0119273,2.02,loamy,wheat
7.56,63.38,2.48,166.45,0.45,0.0238113,2.24,loamy,wheat
7.52,52.53,13.05,125.82,0.48,0.0370584,2.37,loamy,wheat
7.65,67.39,2.36,143.66,0.39,0.0160267,2.42,loamy,wheat
7.69,53.58,14.85,157.96,0.37,0.0304004,2.44,loamy,wheat
7.65,55.68,6.63,116.39,0.59,0.0283825,2.46,loamy,wheat
7.6,66.05,3.64,116.22,0.5,0.008625,2.22,loamy,wheat
7.64,69.8,3.44,139.33,0.33,0.0336918,2.05,loamy,wheat
7.65,57.18,10.49,128.05,0.47,0.0295972,2.48,loamy,wheat
7.74,69.87,12.99,133.3,0.48,0.0089068,2.36,loamy,wheat
7.61,53.52,6.28,151.56,0.47,0.0211462,2.16,loamy,wheat
7.75,51.16,14.38,114.26,0.5,0.0436856,2.29,loamy,wheat
7.73,53.84,7.45,149.37,0.55,0.0441109,2.12,loamy,wheat
7.77,67.98,14.7,122.04,0.58,0.0081439,2.2,loamy,wheat
7.68,59.43,13.97,136.05,0.59,0.047373,2.28,loamy,wheat
7.78,56.47,11.99,168.69,0.64,0.0083227,2.46,loamy,wheat
7.57,72.44,13.24,160.86,0.51,0.0344078,2.47,loamy,wheat
7.55,52.97,6.97,135.76,0.55,0.0344127,2.11,loamy,wheat
7.65,64.71,6.79,128.31,0.51,0.0039402,2.36,loamy,wheat
7.71,71.15,11.38,156.85,0.64,0.0277999,2.07,loamy,wheat
7.51,54.44,7.52,132.24,0.45,0.0228123,2.14,loamy,wheat
7.78,59.53,8.34,128.67,0.6,0.0347387,2.5,loamy,wheat
7.7,73.25,8.54,168.58,0.47,0.0109642,2.29,loamy,wheat
7.68,70.91,4.04,120.16,0.38,0.0449863,2.14,loamy,wheat
7.59,67.77,10.7,110.28,0.64,0.0106345,2.21,loamy,wheat
7.73,66.86,13.21,115.29,0.58,0.0116775,2.03,loamy,wheat
7.77,68.84,1.58,156.07,0.39,0.0367789,2.47,loamy,wheat
7.53,74.46,8.12,116.28,0.56,0.0113355,2.02,loamy,wheat
7.77,61.66,13.11,119.83,0.36,0.0091121,2.23,loamy,wheat
7.61,74.81,6.05,165.1,0.62,0.0043267,2.33,loamy,wheat
7.6,52.89,4.3,111.53,0.42,0.0272259,2.27,loamy,wheat
7.8,60.96,9.81,134.62,0.62,0.0453902,2.43,loamy,wheat
7.52,62.31,2.86,159.55,0.35,0.0080179,2.43,loamy,wheat
7.76,55.41,10.93,110.7,0.43,0.0451911,2.07,loamy,wheat
7.79,58.1,3.29,142.65,0.41,0.0473739,2.26,loamy,wheat
7.6,56.1,14.99,168.72,0.44,0.035544,2.43,loamy,wheat
7.6,69.98,7.71,151.22,0.43,0.0112848,2.45,loamy,wheat
7.76,70,9.88,168.2,0.53,0.0146263,2.17,loamy,wheat
7.67,71.19,7.58,128.63,0.5,0.0057794,2.18,loamy,wheat
7.52,61.57,11.54,132.72,0.42,0.0183549,2.25,loamy,wheat
7.55,68.31,6.12,117.87,0.58,0.0427189,2.4,loamy,wheat
7.63,69.95,14.24,134.66,0.44,0.0393608,2.39,loamy,wheat
7.67,72.92,3.95,119.24,0.58,0.0369332,2.01,loamy,wheat
7.67,59.27,2.69,129.8,0.56,0.0051124,2.49,loamy,wheat
7.57,68.02,0.99,132.08,0.47,0.0478611,2.38,loamy,wheat
7.79,73.62,12.5,168.76,0.61,0.0437834,2.44,loamy,wheat
7.61,62.74,14.68,116.61,0.53,0.0119561,2.18,loamy,wheat
7.7,67.23,8.67,123.61,0.61,0.049314,2.15,loamy,wheat
7.64,53.11,13.48,117.64,0.37,0.0166035,2.35,loamy,wheat
7.61,62.52,13.96,161.07,0.43,0.020525,2.14,loamy,wheat
7.54,59.85,9.49,136.93,0.34,0.0289309,2.27,loamy,wheat
7.61,56.42,2.42,142.78,0.37,0.0434842,2.47,loamy,wheat
7.51,62.06,11.76,158.42,0.59,0.0279561,2.4,loamy,wheat
7.67,69.24,10.59,113.01,0.63,0.0162346,2.12,loamy,wheat
7.57,51.62,10.85,112.86,0.31,0.032847,2.4,loamy,wheat
7.79,64.47,10.07,118.48,0.35,0.0050325,2.42,loamy,wheat
7.77,67.67,5.38,141.07,0.52,0.0049982,2.12,loamy,wheat
7.68,65.85,10.87,110.82,0.39,0.0444725,2.06,loamy,wheat
7.7,66.61,12.54,158.25,0.52,0.0037743,2.42,loamy,wheat
7.56,64.72,2.75,134.12,0.54,0.0382862,2.49,loamy,wheat
7.53,52.91,14.14,134.87,0.55,0.0047837,2.02,loamy,wheat
7.66,70.27,12.49,161.74,0.48,0.0133598,2.5,loamy,wheat
7.58,72.01,10.35,124.36,0.43,0.0359486,2.1,loamy,wheat
7.55,64.82,10.81,142.42,0.39,0.0079652,2.16,loamy,wheat
7.55,56.7,3.9,126.75,0.64,0.0352697,2.35,loamy,wheat
7.76,60.53,1.86,138.61,0.36,0.0281269,2.5,loamy,wheat
7.77,64.24,8.41,131.51,0.34,0.0073609,2.43,loamy,wheat
7.6,61.83,6.88,157.19,0.41,0.0120524,2.07,loamy,wheat
7.57,70.61,4.81,168.07,0.36,0.0306549,2.34,loamy,wheat
7.64,63.8,3.91,156.22,0.53,0.0134963,2.46,loamy,wheat
7.63,58.79,14.51,165.77,0.59,0.0167089,2.32,loamy,wheat
7.63,74.99,13.01,114.2,0.43,0.0085747,2.43,loamy,wheat
7.54,65.52,9.61,144.35,0.42,0.0359741,2.2,loamy,wheat
7.64,63.71,5.78,143.85,0.36,0.0450215,2.13,loamy,wheat
7.69,74.09,13.89,138.29,0.43,0.0284783,2.15,loamy,wheat
7.54,56.8,10.43,113.84,0.45,0.0260871,2.11,loamy,wheat
7.74,67.43,2.82,158.79,0.5,0.0085754,2.43,loamy,wheat
7.64,61.3,11.98,119.8,0.37,0.0332898,2.29,loamy,wheat
7.54,68.04,0.8,158.03,0.31,0.0153825,2.21,loamy,wheat
7.57,66.1,4.8,146.95,0.52,0.017828,2.18,loamy,wheat
7.58,58.82,8.47,128.28,0.54,0.0157404,2.01,loamy,wheat
7.59,54.99,12.74,161.06,0.48,0.028104,2.09,loamy,wheat
7.72,62.75,4.72,136.45,0.65,0.0058336,2.36,loamy,wheat
7.55,70.29,1.18,159.48,0.38,0.0357982,2.3,loamy,wheat
7.6,68.53,10.19,152.47,0.55,0.048048,2.25,loamy,wheat
7.77,71.67,6.65,135.13,0.36,0.0379625,2.09,loamy,wheat
7.57,56.78,3.2,133.6,0.57,0.024189,2.25,loamy,wheat